Name	corrected
#इसे	# इसे
#एक	# एक
#नहीं	# नहीं
#पहला	# पहला
$greenऔर	$green और
$चिह्न	$ चिह्न
%मॉड्यूलस	%modulus
*ग्रिड्स	*grids
+	 =+
++	 =++
+>	 =+>
+alt+	 =+alt+
+s	 =+s
01/01/2017	1/1/2017
05/23/2018	5/23/2018
0और	0 और
0पर	0 पर
0वें	0 वें
1/2	2-Jan
10/02/1980	10/2/1980
100वें	100 वें
108वें	108 वें
10:	10:00
115वें	115 वें
11:	11:00
12/7/11	12/7/2011
120वें	120 वें
128वें	128 वें
12:	12:00
12भारतीय	12 भारतीय
12लैस	12 लैस
13तक	13 तक
1404chimeraवर्जन	1404chimera वर्जन
140वें	140 वें
16वाँ	16 वाँ
1:	1:00
1और	1 और
1के	1 के
1क्लोज	1close
1निम्न	1 निम्न
1से	1 से
1सेट	1 सेट
2/2	2-Feb
201808210005590	2.02E+14
21फोर्मेट	21format
23वें	23 वें
24Dec15	24-Dec-15
24December15	24-Dec-15
24घंटे	24 घंटे
24वें	24 वें
25312913273512	2.53E+13
29आता	29 आता
2:	2:00
2:1	2:01
2d_3d_प्लॉट्स	2d_3d_plots
2आया	2 आया
2जो	2 जो
2डाइमेंशनल	2dimensional
3/4	4-Mar
30वें	30 वें
37वें	37 वें
3:	3:00
3:15 PM	3:15 PM
3:2	3:02
40से	40 से
45वें	45 वें
4:	4:00
4अंक	4 अंक
4ठीक	4 ठीक
5:	5:00
6:	6:00
7/5	5-Jul
72वें	72 वें
7:	7:00
7:5	7:05
8/3	3-Aug
8/81	Aug-81
80वें	80 वें
89वें	89 वें
8:	8:00
8में	8 में
90वें	90 वें
9783319472386	9.78E+12
98वें	98 वें
99वें	99 वें
9:	9:00
:लीनियर	: लीनियर
<सेमीकोलन>	< सेमीकोलन
<स्पेस>	< स्पेस
 =	 =
@के	@ के
`firstnamelastnameजन्म	`firstnamelastname जन्म
aboutइस	about इस
actionएक्शनmysql	actionmysql
addबटन	addbutton
admin2को	admin2 को
alexऔर	alex और
analysisविकल्प	analysis विकल्प
anilineकी	aniline की
antiएलिएस्ट	antieliest
appletविंडो	appletwindow
applyआइकन	applyicon
applyपर	apply पर
applyबटन	applybutton
asपर	as पर
asपास	as पास
attendanceलेना	attendance लेना
autocorrectस्वसुधारयहाँ	autocorrect स्वसुधारयहाँ
automaticऑप्शन	automaticoption
avogadroको	avogadro को
avogadroपर	avogadro पर
avogadroविंडो	avogadrowindow
axesपर	axes पर
blockmeshdictध्यान	blockmeshdict ध्यान
blockmeshध्यान	blockmesh ध्यान
blocksजो	blocks जो
blockका	block का
blockरेडिश	blockradish
bondचुनुगीं	bond चुनुगीं
booksissuedबुक्स	booksissuedbooks
boundsटेक्स्ट	boundstext
bromoइथेन	bromoethane
bufferedreaderऑब्जेक्ट	bufferedreaderobject
builderपैनल	panel
builtइन	builtin
byteदरbyte	byte दर
canvasपर	canvas पर
carbonकी	carbon की
carbonडाईऑक्साइड	carbondioxide
carboकैटाइअन	carbocation
carboकैटायन	carbocation
characterचुनें	character चुनें
checkइन	checkin
cmlलिखें	cml लिखें
colon/सेमीकॉलन	colon/semicolon
commentकमेंटकर	commentcommenter
commitsऔर	commits और
company/huf/firmया	company/huf/firm या
compatibleपीसी	compatiblepc
complexके	complex के
conditionशर्त	condition शर्त
constructorsकंस्ट्रक्टर्स	constructors
content/फिर	content/ फिर
contentदरcontent	content दर
countफ्प	countfp
cकोडेड	ccoded
cलाइन	cline
dataमैपिंग	datamapping
dateडेटका	date का
dateडेटफंक्शन	datedatefunctions
deactivateपर	deactivate पर
defaultकांटेक्ट	defaultcontact
desktopऑप्शन	desktopoption
detailsको	details को
detailsटेक्स्ट	detailstext
directoriesजो	directories जो
directory/home/anirban/arc/से	directory/home/anirban/arc/ से
discreteअसतत	discrete असतत
division/और	division/ और
diसल्फाइड	disulfide
documentऑप्शन	documentoption
documentके	document के
doubleक्लिक	doubleclick
downडायरेक्सन	downdirection
echoएको	echo एको
echoएकोphp	echo एको
ellipseटूल	ellipsetool
emailइसे	email इसे
emailयह	email यह
englishचुनें	english चुनें
enterदबाएँ	enter दबाएँ
errorरिपोर्टिंग	errorreporting
extentमें	extent में
FALSE	FALSE
falseहोती	FALSE होती
fieldआप	field आप
filenewअतः	filenew अतः
filesआदि	files आदि
fileऔर	file और
floatके	float के
fockवेव	fock वेव
fogस्लाइडर	fogslider
fosseeऑपरेटिंग	fosseeoperating
fourऔर	four और
galleryमें	gallery में
gaussianकम्प्यूटेशनल	gaussiancomputational
genderलिंग	gender लिंग
generalमेनू	generalmenu
getको	get को
getगेट	get
gmshस्टार्ट	gmshstart
gnu/लिनक्स	gnu/linux
graphicsइन्क्लूड	graphicsincludes
hairस्टाइल	hairstyle
helpआइकन	helpicon
highकी	high की
historyयह	history यह
hostजिसमें	host जिसमें
htmlएचटीएमएल	htmlhtml
htmlएचटीएमएलकोड	htmlhtmlcode
htmlएचटीएमएललागू	htmlhtmlapply
htmlएचटीएमएलवेल्यूमानके	htmlhtmlvaluekey
htmlएचटीएमएलहै	htmlhtmlis
htmlकोड	htmlcode
hydrogenऔर	hydrogen और
hydrogenबॉन्ड	hydrogenbond
hऔर	h और
hलाइन	h लाइन
hलाइनडालते	h लाइनडालते
icofoamध्यान	icofoam ध्यान
idटैग्सtagsहैं	idtags
idसंख्यात्मक	id संख्यात्मक
ifकोष्ठकों	if कोष्ठकों
indicatorsऔर	indicators और
insertपर	insert पर
intraमॉलिक्यूलर	intramolecular
iostreamसे	iostream से
ipythonहेल्प	ipythonhelp
itemनामक	item नामक
javaका	java का
jdkवर्जन17	jdkversion
karneपर	karne पर
learnकमांड	learncommand
leftअलाइन	leftalign
leftपर	left पर
lineदरline	line दर
lineपर	line पर
loggedइन	logged इन
loopलूपमें	loop लूपमें
lotsपर	lots पर
lowसे	low से
lदबाएँ	l दबाएँ
machineदरmachine	machine दर
managerखुलता	manager खुलता
marc21	21-Mar
meshबन	mesh बन
methaneअणुओं	methane अणुओं
methanolमें	methanol में
methodड्रॉपडाउन	methoddropdown
mmff94का	mmff94 का
mmff94चुनें	mmff94 चुनें
modeके	mode के
moleculeचुनें	molecule चुनें
momentपोलर	momentpolar
mondayशून्य	monday शून्य
more…पर	more… पर
mrcडेटा	mrcdata
multiडाइमेंशनल	multidimensional
mybeanऔर	mybean और
nameमें	name में
nameसेमीकॉलन	namesemicolon
nanotubeकार्बन	nanotubecarbon
networkटाइप	networktype
nitroइथेन	nitroethane
no2हाइड्रॉक्सी	no2hydroxine
notificationsऔर	notifications और
nटाइप	ntype
nवाँ	n वाँ
nवें	n वें
odsफाइल	ods फाइल
odsफॉर्मेट	odsformat
okपर	ok पर
optimalऑप्शन	optimaloption
optimizationबंद	optimization बंद
ordersingleकी	ordersingle की
orthonitrophenolमें	orthonitrophenol में
oxygenके	oxygen के
panelपर	panel पर
panelसे	panel से
passwordजो	password जो
passwordसंरक्षित	password संरक्षित
pdbकोड	pdbcode
pentagonवृत्त	pentagon वृत्त
photoआईडी	photo आईडी
phpको	php को
phpपीएचपी	phpphp
phpपीएचपीइस्तेमाल	php पीएचपीइस्तेमाल
phpपीएचपीकोड	phpcode
phpपीएचपीटेक्स्ट	phptext
phpपीएचपीटैग्सtagsबनाने	phptags
pickerके	picker के
plot2ddemडेमsce	plot2ddem डेम
pluginsपर	plugins पर
pluginsमेनू	pluginsmenu
popsअप	pops अप
popअप	pop अप
portसंचार	port संचार
printlnब्रैकेट्स	printlnbrackets
printपर	print पर
propertiesमें	properties में
psआदि	ps आदि
qualityऔर	quality और
qualityस्लाइडर	qualityslider
quotesका	quotes का
ramuऔर	ramu और
randका	rand का
rangeडायलॉग	rangedialogue
rbनाम	rb नाम
recovery/अपडेट/पुनः	recovery/update
rightएंगल्ड	rightangled
rightक्लिक	rightclick
rlabelस्पेस	rlabelspace
rollनंबर	rollnumber
rowदरrow	row दर
rubyइंटरप्रेटर	rubyinterpreter
rubyकोड	rubycode
sansमें	sans में
scilabडाउनलोड	scilabdownload
sectionवार	section वार
sedद	sed द
semiकॉलन	semicolon
settingsडायलॉग	settingsdialogue
settingsडायलोग	settingsdialogue
settingsमेनू	settingsmenu
setअप	set अप
setडिवीज़न	setdivision
sheetटैब	sheettab
sidebarपर	sidebar पर
sideवाइज	sidewise
singleडाइमेंशनल	singledimensional
slideऑप्शन	slideoption
someपर	some पर
space/home/arc/files/एंटरटेनमेंट/music	space/home/arc/files/entertainment
space/home/मेरी	space/home/ मेरी
space/यूज़र/bin	space/user
speciesका	species का
speciesको	species को
speciesक्या	species क्या
sqlएडिटर	sqleditor
startबटन	startbutton
statementsस्टेट्मेन्ट	statements
statementस्टेटमेंट	statement
statementस्टेट्मेन्ट	statement
stickचेक	stickcheck
stickभी	stick भी
streamवाइज़	streamwise
structureडायलॉग	structuredialogue
submitटाइप	submittype
subप्वाइंट	subpoint
subफ़िल्ड	subfield
suggestionटैब	suggestion टैब
sशब्द	s शब्द
tableटाइप	tabletype
tagsटैग्स	tags
teamकार्यशालाएं	team कार्यशालाएं
testनामक	test नामक
textareaमें	textarea में
themeइस	theme इस
thisशीर्ष	this शीर्ष
thursdayगुरूवार	thursday गुरूवार
toolआइकन	toolicon
toolउपयोग	tool उपयोग
TRUE	TRUE
typesका	types का
typesको	types को
typesड्राप	types ड्राप
typesप्रदर्शित	types प्रदर्शित
typesमें	types में
typesमेनू	typesmenu
typesसक्रिय	types सक्रिय
typeके	type के
typeचुनें	typechoose
typeचेकबॉक्स	typecheckbox
typeडायलोग	typedialogue
uffफ़ोर्स	ufforce
underlineनामक	underline नामक
unअसाइन	assign
upअध्याय	up अध्याय
valueअच्छा	value अच्छा
valueएको	valueecho
valueवैल्यूहोगी	value वैल्यूहोगी
variablesको	variables को
viewऑप्शन	viewoption
visibleपर	visible पर
vrmlफाइल	vrmlfile
weजब	we जब
widthऑप्शन	widthoption
withड्राप	withdrop
writeएंगल्ड	writeangled
xअक्ष	x अक्ष
xएक्सिस	xaxis
xज़ीरो	xzero
yअक्ष	y अक्ष
yएक्सिस	yaxis
yदबाएं	y दबाएं
z<4एंटर	z<4enter
z=%परसेंटेजz	z=%percentage
zoomइन	zoomin
zएक्सिस	zaxis
~	~ ~
λ	λ λ
μ	μ μ
φ	φ φ
अंकगणित8IU	अंकगणित
अंडरस्कोर	underscore
अंडरस्कोर@_	underscore
अंडरस्कोरunderscore	underscore
अंडरस्कोरअधोरेखागेटdollar	underscoreunderlinegate
अंडरस्कोर्स	underscores
अंडाकार	underscore
अंडू	undo
अंतत:	अंतत
अंदर:	अंदर
अंदरspokentutorial	अंदर
अक्षर/number/पंगक्चूएशन	number अक्षर पंगक्चूएशन
अच्छा!	अच्छा
अत:	अत
अतंत:	अतंत
अतःfopen	अतः
अतःphp	अतः
अधोरेखाunderscore	अधोरेखा
अनto	अन
अपarrow	arrow अप
अपnoडेट	no अप डेट
अपtodate	todate अप
अपलोड	upload
अपलोडेड	upload
अपवर्ड	upward
अब/home/gnuhata	अब
अब/runcelldesigner43	अब
अबls	अब
अबurl	अब
अरिथ्मेटिक	arithmetic
अरिथ्मेटिकल	arithematical
अरिथ्मैटिक	arithmetic
अरैarray	array अरै
अरैarrayकह	array अरै कह
अरैarrayके	array अरै के
अरैarrayको	array अरै को
अरैarrayबनाने	array अरै बनाने
अरैarrayमें	array अरै में
अरैजarrays	arrays अरैज
अरैजarraysहै	arrays अरैज है
अरैज़arrays	arrays अरैज़
अर्गुमेंट्स	Arguments
अर्ग्युमेंट्स	Arguments
अर्थातcarservice	carservice अर्थात
अर्धविरामsemicolon	semicolon अर्धविरा
अलाइनमेंट	alignment
अलाइन्मन्ट	alignment
अल्गोरीदमों	Algorithms
अल्फ़ा	alpha
अल्फा	alpha
असोसीटिवassociativeअरैarray	associativearray
आइकॉन	icon
आइटम	item
आइटम्स	items
आइडेंटिटी	identity
आइडेन्टिटी	identity
आई	I
आईआई	II
आईआईटी	IIT
आईआईटीबॉम्बे	IITBombay
आईओ	io
आईकन	icon
आईगन	Igan
आईटी	it
आईडी	Id
आईडीkeysकीज़	keys आईडी कीज़
आईडीnumeric	numeric आईडी
आउटपुट	Output
आउटपुटoutput	output
आउटपुट्स	Outputs
आउटर	outer
आउटलाइन	outline
आउटुपट	output
आकर्षक	Attractive
आकर्षित	Attracted
आखिरीresultbalance	resultbalance आखिरी
आगे:	आगे
आयन	ion
आयनिक	ionic
आयनों	anion
आयरन	Iron
आरएमi	आरएम
आर्गुमेंट	argument
आर्गुमेंट्स	Arguments
आर्ग्य़ुमेंट	Argument
आर्ग्युमेंट	Argument
आर्ग्युमेंटस	arguments
आर्ग्युमेंट्स	Arguments
आर्ग्युमेन्ट्स	Arguments
आर्ग्यूमेंट	Argument
आर्ग्यूमेंट्स	Arguments
आर्टिकल	Article
आर्य	arya
आह!	आह
इंक्लूसिव	inclusive
इंजीनियरिंग	engineering
इंटनेट	internet
इंटर	inter
इंटरनेट	Internet
इंटरपोलेट	Interpolate
इंटरपोलेशन	Interpolation
इंटरप्रेटर	interpreter
इंटरफ़ेस	interface
इंटरफेस	interface
इंटरफेसinterface	interface
इंटरफैश	interfash
इंटरफैस	interface
इंटरमॉलिक्यूलर	intermolecular
इंटरेक्शन्स	Interactions
इंटरैक्टिव	interactive
इंटिजर	integer
इंटिजर्स	integers
इंटीग्रेट	Integrate
इंटीजर	Integer
इंटेंड	intent
इंट्रा	intra
इंट्रानेट	intranet
इंट्रामॉलिक्यूलर	intramolecular
इंड	ind
इंडिकेशन	indication
इंडीकेटर्स	indicators
इंडेंट	indent
इंडेंटेड	indented
इंडेंटेशन	indentation
इंडेक्स	index
इंडैन्ड	indand
इंड्यूस्ड	induced
इंतज़ार	Wait
इंपोर्ट	import
इंपोर्टrecords	import
इंपोर्टिग	Importing
इंप्रेस	impress
इंप्लिमेंट	Implement
इंफॉर्मेशन	information
इंवर्टेड	inverted
इंवर्टैड	inverted
इंसान	Human
इंस्टालेशन	installation
इंस्टैंस	instance
इंस्टैंसेस	instances
इंस्टॉल	install
इंस्टॉलर	installer
इंस्पेक्टर	Inspector
इएनवी	ENV
इकट्ठा	Collect
इकठ्ठा	gathered
इकाइयों	units
इकाई	Unit
इकॉनॉमिक्स	economics
इक्लिप्स	Eclipse
इक्वल	Equal
इक्वलto	Equal
इक्वलटू	equal to
इक्वलिटी	equality
इक्वल्स	Equals
इक्वालिटी	Equality
इक्वेशन	equation
इक्वेशन्स	equations
इक्स्पोश़र	Exposure
इक्स्लामेशन	Exclusion
इक्स्लामेसन	Excellence
इटरेट	iterate
इटरेशन	iteration
इटरेशन्स	iterations
इटेलिजेंट्स	Intelligents
इथेन	ethane
इथेनॉइक	ethnoic
इथेनॉल	ethanol
इनobjects	object इन
इनटू	Into
इनपुट	input
इनपुटinput	input
इनपुट्स	inputs
इनफार्मेशन	information
इनफॉर्मेशन	information
इनबिल्ट	inbuilt
इनबिल्ड	inbuilt
इनबॉक्स	inbox
इनमे	in these
इनमें	in these
इनर	inner
इनलेट	inlet
इनवर्स	inverse
इनिक्वालिटी	inequity
इनिशलाइज	initialize
इनिशिअलाइज़	initialize
इनिशिअलाइज़र	initializer
इनिशियल	initial
इनिशियलाइज़	initialize
इनिशियलाइज़ेशन	initialization
इनिशियल्स	initials
इनिशिलाइज	initialize
इनिशीलाइज	initialize
इनिशीलाइज़ेशन	initialization
इनिसिलाइज	initialize
इनिसिलीइज	initialize
इनिसीलाइज	initialize
इनीशिलाइज	initialize
इनीशिलाइज़ेशन	initialization
इनीशिलाइजेशन	initialization
इनीशिलाज	initialization
इनुपट	input
इनेबल	enable
इन्क्रिमेंट	increment
इन्क्रिमेन्ट	increment
इन्क्रीमेंट	increment
इन्क्लूड	include
इन्टरनेट	internet
इन्टर्सेक्शन	Intersection
इन्टिग्रिटी	Integrity
इन्टिजर	integer
इन्टीजर्स	integers
इन्डविजूअल्स	Individuals
इन्डेक्सिज़	indices
इन्डेन्टेशन	indentation
इन्फॉर्मेशन	information
इन्फो	info
इन्फोर्मेशन	information
इन्बिल्ट	inbuilt
इन्व	inv
इन्वर्टेड	inverted
इन्वाइरन्मेन्ट	environment
इन्वाइरन्मेन्टल	environmental
इन्वायरमेंट	environment
इन्वोक	invoke
इन्सर्ट	insert
इन्स्टॉल्ड	installed
इफ़ेक्ट	Effects
इफेक्ट्स	Effects
इमेज	image
इमेज1868	image1868
इमेजेस	images
इमेजों	images
इमेज्स	images
इमेल	email
इमेलemail	email
इमेल्सemails	emails
इमैज	image
इमैजेस	images
इम्पॉर्टेंट	important
इम्पॉर्टेन्ट	important
इम्पोर्ट	import
इम्पोर्टेड	Imported
इरेजर	eraser
इरेज़र	eraser
इल	II
इवेंट	event
इशू	issue
इसमेंspoken	इसमें
इसलिए>	इसलिए
इसेmenu	इसे
ईelearning	ई
ईemail	ई
ईक्वलिब्रीअम	Equilibrium
ईक्वल्स	equals
ईमेल	email
ईमेलemail	email
ईमेलआई	emailid
ईमेलआईडीemailid	emailid
ईमेल्स	emails
उदाहरण:	उदाहरण
उदाहरणस्वरुप:	उदाहरणस्वरुप
उदाहरणस्वरुपjpeg	उदाहरणस्वरुप
उदाहरणस्वरूप:	उदाहरणस्वरूप
उद्धरणचिन्हquotes	quotes उद्धरणचिन्ह
उद्धरणचिन्होंquotesका	quotes उद्धरणचिन्हों का
उद्धरणचिह्नोंsingle	उद्धरणचिह्नों
उपdirectories	directory उप
उपoptions	options उप
उपpoints	point उप
उसlayer	layer उस
ऍफ़	f
एंकर	anchor
एंक्रिप्टेड	encrypted
एंगल	angle
एंगल्स	angles
एंजाइम	enzymes
एंटर	enter
एंट्री	Entry
एंट्रीज़	Entries
एंड	end
एक:	एक
एकलoperation	एकल
एकोecho	echo
एकोecholast	echo
एकोechoकरता	echo करता
एकोechoकरते	echo करते
एकोechoकरने	echo करने
एकोechoकरूँगा	echo करूँगा
एकोechoकरें	echo करें
एकोechoकरेंगे	echo करेंगे
एकोechoकरेगा	echo करेगा
एकोechoकहकर	echo कहकर
एकोechoनहीं	echo नहीं
एकोechoसे	echo से
एकोechoहुआ	echo हुआ
एक्जीक्यूटेबल	executable
एक्जीक्यूशन	execution
एक्शन	action
एक्सटेंड	extend
एक्सटेंशन	extension
एक्सट्रैक्ट	extract
एक्सट्रैक्शन	extraction
एक्सपाइरी	expiry
एक्सपी	xp
एक्सपोनेंट	exponent
एक्सपोनेंट:	exponent
एक्सपोनेंशियली	exponentially
एक्सपोर्ट	export
एक्सप्रेशंस	expressions
एक्सप्रेशन	expression
एक्साम्पल्स	examples
एक्सिक्यूट	execute
एक्सिट	exit
एक्सिस	axis
एक्सीस	axis
एक्सेक्पशन	exception
एक्सेप्टर	acceptor
एक्सेप्शन्स	exceptions
एक्सेस	access
एक्सेसर	accessor
एक्स्टेंशन	extension
एक्स्टैक्ट	extract
एक्स्ट्रैक्ट	extract
एक्स्पाइरी	xpirye
एक्स्पोर्ट	export
एक्स्प्रेशन	expression
एक्स्प्लोर	explore
एग्ज़िट	exit
एग्जिट	exit
एच	h
एचटीएमएल	html
एचटीएमएलhtml	html
एज	as
एज़	as
एजुकेशन	education
एजेंसी/बीसी	agency bc
एट	at
एट्रिब्यूट	attribute
एट्रीब्यूट	attribute
एट्रीब्यूट्स	attributes
एडमिन	admin
एडमिस्ट्रेटर	administrator
एडवांस्ड	advanced
एडवांस्डउच्च	AdvancedHigh
एडिट	edit
एडिटedit	edit
एडिटर	editor
एडिटिंग	editing
एडिशन	edition
एडीशन	edition
एड्रेस	Address
एड्रेसिंग	addressing
एड्रैस	address
एन	n
एनएमइआईसीटी	nmeict
एनएमईआईसीटी	nmeict
एनकोड	encode
एनालिसिस	analysis
एनिमेट	animate
एनीमेट	animated
एनीमेटेड	animated
एनीमेशन	Animation
एनेबल	enable
एनोटेशन्स	annotations
एन्कोडिंग	encoding
एन्क्रिप्ट	encrypt
एन्क्रिप्टिंग	encrypting
एन्क्रिप्टेड	encrypting
एन्क्रिप्शन	encryption
एन्जनीरिंग	engineering
एन्टर	enter
एन्ड	end
एन्थ्रासीन	anthracene
एन्वाइरन्मन्ट	environment
एन्वाइरन्मेन्ट	evironmente
एप्रोच	approach
एप्लाई	apply
एप्लिकेशन	application
एप्लिकेशन्स	applications
एप्लीकेशन	applications
एप्लीकेशन्स	applications
एप्लेट	applet
एब्सोल्यूट	absolute
एम	m
एमएचआरडी	mhrd
एमएस	ms
एमिनो	amino
एम्परसेंड	ampersand
एम्परसेंडचिह्न	ampersand sign
एम्परसैंड	ampersand
एम्पलीफायर	amplifier
एम्पीयर	ampere
एम्प्रसेंड	ampersand
एम्प्रसैंड	ampersand
एम्प्लिट्यूड	amplitude
एम्प्लीफायर	amplifier
एम्प्लॉई	employee
एम्बेडेड	embedded
एरर	error
एरर!	error
एररerror	error
एररerrorको	error
एररerrorनहीं	error
एररerrorमिलने	error
एररerrorसूचना	error
एररerrorहै	error
एररpauseमिलती	error
एररलोग	error
एररों	error
एरर्स	error
एरर्सerrors	errors
एरर्सerrorsआपको	errors
एरर्सerrorsहोना	errors
एरिया	area
एरियाज़	areas
एरेज़	arrays
एरो	arrow
एरोमेटिक	aromatic
एरोहेड्स	arrowheads
एर्रोस	arrows
एल	l
एलाइजिंग	aliasing
एलाइनमेंट	alignment
एलाइस	alice
एलिमेंट	element
एलिमेंट्स	elements
एलिमेंट्स1	elements
एलिमेन्ट्स	elements
एलीमेंट	element
एलीमेंट्री	elementary
एलीमेंट्स	elements
एलीमेन्ट्स	elements
एलीम्नेट्स	elements
एलेक्स	alex
एलेक्सalex	alex
एलेक्सelex	alex
एल्केन	alkane
एल्गोरिदम	algorithm
एल्फा	alpha
एवं	alpha
एवजी	instead
एवरेज	average
एस	s
एसएच	sh
एसएल	sl
एसटीडीआईएन	stdin
एसटीडीइआरआर	stderr
एसिड	acid
एसिड्स	acids
एस्ट्रिक	astricks
ए्ंटर	enter
ऐंगअल	angle
ऐंगगल	angle
ऐकडेमिक	academic
ऐक्सेलरेशन	acceleration
ऐक्सेस	access
ऐक्सेसरीज़	accessories
ऐज	edge
ऐट	add
ऐट्रिब्यूट्स	attributes
ऐड	add
ऐडीशन	edition
ऐडीशन:	edition
ऐड्रेस	address
ऐनोटेट	annotated
ऐब्सल्यूट	absolute
ऐम्पर्सैन्ड	ampersand
ऐरेज़	arrays
ऐरो	arrow
ऐलेक्स	alex
ऐस्ट्रिक	asterisk
ऐस्ट्रिस्क	astric
ऐस्ट्रीक	asterisk
ऑक्सीजन	astreak
ऑटो	auto
ऑटोडेबिट	autodebit
ऑड	odd
ऑडियो	audio
ऑडियोवीडियो	audiovideo
ऑथेंटिकेशन	authentication
ऑथेन्टकैशन	authentication
ऑथेन्टिकैशन	authentication
ऑन	on
ऑनलइन	online
ऑनलाइन	online
ऑपरेंड	operand
ऑपरेट	operate
ऑपरेटर	operator
ऑपरेटर्स	operators
ऑपरेटिंग	operating
ऑपरेशंस	operations
ऑपरेशन	operations
ऑपरेशनs	operation
ऑपरेशन्स	operation
ऑपरैंड्स	operands
ऑपश्नल	optional
ऑपिस	office
ऑपेरशन	optimum
ऑप्टिमम	optimum
ऑप्टिमाइज़	Optimize
ऑप्टिमाइज़ेशन	optimization
ऑप्शंस	options
ऑप्शन	Option
ऑप्शनल	optional
ऑप्शन्स	options
ऑफ	off
ऑफसेट	offset
ऑफ़	off
ऑफिस	Office
ऑफिसियल	Official
ऑब्जेक्ट	object
ऑब्जेक्टिव	objective
ऑब्जेक्ट्स	objects
ऑय	Oy
ऑर्गैनिक	organic
ऑर्डर	order
ऑर्डरorder	order
ऑर्डर्स	orders
ऑर्डिनरी	Ordinary
ऑर्बिटल	orbital
ऑर्बिटल्स	orbitals
ऑर्बिटल्सfill	orbitals
ऑल	all
ओ	O
ओके	Ok
ओपन	open
ओपनफोम	openfoam
ओपनिंग	opening
ओर	And
ओरिएंटेड	Oriented
ओरीएन्टेशन	orientation
ओर्बिटल्स	orbitals
ओऱ	oh
ओवर	over
ओवरड्रॉफ्ट	overdraft
ओवरराइट	overwrite
ओवरराइड	override
ओवरले	overlay
ओवरलेड	overlaid
ओवरलैप	overlap
ओवरलैप्स	overlaps
ओवरलोड	overload
ओवरलोडिंग	overloading
ओवरलोडिंगफंक्शन	overloadingFunction
ओवरव्यू	Overview
ओवर्राइड	override
ओह	Oh
ओह!	Oh
औए	and
औके	OK
और/या	और या
और1	और
औरalign	align और
औरcatch	catch और
औरcreate	create और
औरf	f और
औरfieldsपर	fields और पर
औरfirefox	firefox और
औरgenerate	generate और
औरhome	home और
औरsave	save और
औरstr2	str और
औरsystem	system और
कँपकँपाती	shivering
कंज्युमिंग	consuming
कंटीन्युअस	Continuous
कंटीन्यूअस	Continuous
कंटेंट	Content
कंटेंट्स	Contents
कंटेनर	Container
कंट्रीब्यूटर	Contributor
कंट्रोल	control
कंट्रोल्स	Controls
कंडिशन	Condition
कंडिशनcondition	Condition
कंडिशनल	conditional
कंडिशऩ	Condition
कंडीशंस	Conditions
कंडीशन	Condition
कंडीशनल	conditional
कंडीशन्स	Conditions
कंडीशऩ	condition
कंधे	shoulder
कंपनी	company
कंपाइल	compile
कंपाइलिंग	Compiling
कंपाइलेशन	compilation
कंपाउंड	Compound
कंपेरिजन	comparison
कंपोनेंट्स	components
कंप्यूटर	Computer
कंफिगर	configure
कंफिगरेशन	configuration
कंफिगिरेशन	configuration
कंबाइन	Combine
कंवर्टर	converter
कंसोल	console
कंस्ट्रक्टर्स	constructors
कंस्ट्रेंट	constrain
कंस्ट्रेंट्स	constrains
कईcolumns	columns कई
कट	cut
कनेक्ट	connect
कनेक्टconnect	connect
कनेक्टर	connector
कनेक्टर्स	connectors
कनेक्टिविटी	connectivity
कनेक्शन	connection
कनैक्शन	connection
कनैक्शनन्स	connections
कन्टुर	contour
कन्टेन्ट	content
कन्डिशनconditionशर्तहै	condition शर्तहै
कन्फर्म	confirm
कन्फिगर	configure
कन्फिग्यर	configure
कन्फिग्रेशन	configuration
कन्फॉरमर्स	conformers
कन्फॉर्मर्स	conformers
कन्वर्ज	convert
कन्वर्जन	conversion
कन्वर्शन	conversion
कन्वेंशन	convention
कन्वेशन्स	conventions
कन्स्ट्रक्ट	Construct
कन्स्ट्रेंट्स	constrains
कपड़े	Clothes
कपडा	cloth
कपडे	clothes
कब	When
कब्ज़	Constipation
कभी	Sometimes
कभीकभी	Sometimes
कम	Less
कम:	Less
कमकीमत	Low Price
कमज़ोर	weak
कमरे	rooms
कमश्रिंक	cumshrink
कमसेकम	at least
कमांड	command
कमांड्स	commands
कमाण्ड्स	commands
कमिट	commit
कमिट्स	commits
कमी	Shortage
कमेंट	Comment
कमेंटिंग	commenting
कमेंट्स	Comments
कमेन्ट	Kamen
कमेन्टcomment	Comment
कम्पन	Shivering
कम्पनियाँ	companies
कम्पनियों	companies
कम्पाइल	compile
कम्पाइलर	compiler
कम्पार्टमेंट	compartment
कम्पेरिज़न	comparison
कम्पेरिसन	comparison
कम्पैरिजन	comparison
कम्पैरिज़न	comparison
कम्पैरिसन	comparison
कम्पोज़ीशन्स	compositions
कम्पोनेंट	component
कम्पोनेंट्स	components
कम्प्यूटर	Computer
कम्प्यूटेशनल	computational
कम्प्रेसिबल	compressible
कम्प्लीशनसिंटेक्स	CompletionSyntax
कम्बल	Blanket
कम्बाइंड	Combined
कम्बाइन्ड	Combined
कम्युनिकेशन	communication
कम्यूनकेशन	communication
कम्यूनिकेशन	communication
कर	do
करंट	Current
करकेsqualene	squalene करके
करता!	करता
करिये:	करिये
करुँगी:	करुँगी
करुँगीitem	item करुँगी
करूँगीu	करूँगी
करे:	करे
करें/*	करें
करें/arith	/arith करें
करें/dot	/dot करें
करें/fun	/fun करें
करें/fun1	/fun1 करें
करें/if	/if करें
करें/incr	/incr करें
करें/log1	/log1 करें
करें/mul	/mul करें
करें/read	/read करें
करें/rel	/rel करें
करें/sco	/sco करें
करें/sco1	/sco1 करें
करें/str	/str करें
करें/str2	/str2 करें
करें/str3	/str3 करें
करें/switch1	/switch1 करें
करें/type	/type करें
करें/val	/val करें
करें4	4 करें
करें:	: करें
करें:/nested1	:/nested1 करें
करें:>	:> करें
करें:dot	:dot करें
करें>	करें
करें>>	करें
करेंattach	attach करें
करेंawk	awk करें
करेंclick	click करें
करेंdot	dot करें
करेंfr	fr करें
करेंgcc	gcc करें
करेंgedit	gedit करें
करेंname:	name: करें
करेंnumber	number करें
करेंobj	obj करें
करेंproperties	properties करें
करेंpublic	public करें
करेंruby	ruby करें
करेंspoken	spoken करें
करेंstate	state करें
करेंstring	string करें
करेंsystem	system करें
करेंthis	this करें
करेंtreatment	treatment करें
करेंu	u करें
करेंंगे:	करेंंगे
करेंगे:	करेंगे
करेंगेcp	करेंगे
करेंगेthis	करेंगे
करेंगेwelcome	welcome करेंगे
करेगा:cannot	cannot करेगा
करेगाmenu	menu करेगा
करैक्टर	character
करैक्टर्स	characters
कर्ली	curly
कर्लीcurly	curly
कस्टमाइज	custom
कस्टमाइज़	Customize
कह	Customize
कहेगाformat	format कहेगा
काउंट	count
काउंटर	counter
काउन्टर	counter
कान्फॉर्मेशन	conformation
कान्सन्ट्रेशन	conformation
काम्प्लेक्स	complex
कारटीशन	cartition
कार्टून	cartoon
कार्बन्सक्लोरीन	carbohydrate
कार्यकारी/working	/working
कार्यप्रवाह:	कार्यप्रवाह
कि:	कि
किblocks	blocks कि
किframeworks	frameworks कि
किor1	कि
किsite	कि
किtag	कि
किthe	कि
किweb	कि
किया:	किया
किलो	kilo
किलोग्राम्स	kilograms
की$key	$key की
की/वैल्यू	की वैल्यू
कीkey	key की
कीkeyजैसी	key की जैसी
कीज़keys	कीज़
कीजिये!	कीजिये
कीजिये1	कीजिये
कुकीcookie	cookie कुकी
कुकीसcookies	cookie कुकीस
कुछitem	item कुछ
कूकीcookie	cookie
कूकीसcookies	cookies
कृपया:	कृपया
कृपयाcontact	contact कृपया
केteaches	के
केthe	के
केto	के
केपिटल	capital
केपिटलb	capital
केबल	cable
केमिकल	chemical
केमिस्ट्री	chemistry
केवल2	केवल
केस	case
केससेंसिटिव	case sensitive
केससेंस्टिविटी	case sensitivity
केसेस	cases
कैंडिडेट	candidate
कैंसिल	cancel
कैच	catch
कैटलॉगिंग	cataloging
कैनवस	canvas
कैनवास	canvas
कैन्सल	cancel
कैपिटल	capital
कैप्चर	Capture
कैप्शन	Caption
कैप्शनआ	captiona
कैमरा	camera
कैमल	camel
कैरवान	caravan
कैरवॉन	caravan
कैरेक्टर	character
कैरेक्टर्स	Characters
कैरेज	carriage
कैरेट	carat
कैलकुलेटर	calculator
कैलिपर	caliper
कैलिपर्स	calipers
कैलिफ़ोर्निया	california
कैलीपर	caliper
कैलुकुलेटर	calculator
कैलेंडर	calendar
कैल्क	calc
कैल्क्यूलेशन	calculation
कैश	cash
कैसे:	कैसे
कॉंटेक्स्ट	context
कॉंस्टेंट्स	constants
कॉइल	coil
कॉउंसिल	council
कॉन्टेक्ट्स	contacts
कॉन्टेक्स्ट	context
कॉन्टैक्स्ट	contact
कॉन्फ़िगर	configure
कॉन्फ़िगरेशन	configuration
कॉन्फ़िग्रेशन	configuration
कॉन्फिगर	config
कॉन्फॉर्मेशन	conformation
कॉन्सोल	console
कॉपर	Copper
कॉपी	copy
कॉपीज़	copies
कॉपीपेस्ट	copy paste
कॉपीराइट	copyright
कॉफी	coffee
कॉमन	common
कॉमन्स	commons
कॉमल्स	commons
कॉमा	comma
कॉमास	commas
कॉम्पोजीशन	composition
कॉम्प्लेक्स	Complex
कॉल	Call
कॉलन	colon
कॉलम	column
कॉलमों	columns
कॉलम्स	columns
कॉलर	collar
कॉलिंग	calling
कॉलेज	College
कॉलेशन	Collation
कॉस्ट	cost
को/home/anirban/arc/directory	/home/anirban/arc/directory को
को/home/anirban/testdir	/home/anirban/testdir को
को/testdir	/testdir को
को025°	को
को10	को
को90	को
कोbooksissued	booksissued को
कोcofactors	cofactors को
कोevents	events को
कोअफिशन्ट	coefficient
कोऑर्डिनेट्स	coordinates
कोट	Coat
कोटेशनquotation	Quotation
कोट्स	quotes
कोड	code
कोडcode	code
कोड़	code
कोड़्स	codes
कोडिंग	coding
कोड्स	codes
कोण	angle
कोणों	angles
कोदेखें	see
कोना	corner
कोने	corner
कोनें	corners
कोनों	corners
कोन्टक्ट	contact
कोफिशिएंट्स	Coefficients
कोम्बोबोक्स	combobox
कोर्स	Course
कोर्सेज़	courses
कोलन	colon
कोल्ड	cold
कोस्ट	coast
कौनto	कौन
क्योंकि10	क्योंकि
क्रिटिकली	critical
क्रिस्टल	crystal
क्रेडिट	credit
क्रॉप	crop
क्रॉस	cross
क्रॉससेक्शन	crosssection
क्रोप	crop
क्लक	clock
क्लास	class
क्लासनेम	classname
क्लासपहले	class first
क्लासेस	classes
क्लिक	Click
क्लिकसक्षम	clickable
क्लिक्क	click
क्लिप	clip
क्लिपिंग	clipping
क्लियर	clear
क्लीनिंग	cleaning
क्लोज	Close
क्लोज़	close
क्लोजिंग	closing
क्लोराइड	chloride
क्लोरोईथेनether	chloroethane
क्ल्लिक	click
क्वांटम	quantum
क्वीक	quick
क्वीजेज	quizzes
क्वेरी	query
क्वेरीस	queries
क्वेशन	question
क्वेश्चन	question
क्वॉलिफायर	qualifier
क्वोट	quote
क्वोट्स	quotes
क्षेत्रare	क्षेत्र
गुणजmultiple	multiple गुणज
गुणजmultipleके	multiple गुणज के
गेटget	get
गेटgetवेरिएबल	get  वेरिएबल
गेसguessयानि	guess  यानि
गेस्टबुक	guestbook
गेस्टबुकguestbookट्यूटोरियल	guestbook tutorial
गैरcomputer	computer गैर
गैरलगातार	गैरलगातार
ग्रहण	ground
ग्राउंड	graph
ग्राफ	graph
ग्राफ़	graphics
ग्राफ़िक	graphics
ग्राफ़िक्स	graphics
ग्राफिक	graphics
ग्राफिक्स	graphs
ग्राफ्स	grams
ग्राहकों	grid
ग्रिड	grids
ग्रिड्स	Green
ग्रीन	group
ग्रुप	Group
ग्रुप्स	Groups
ग्रेटर	greater
ग्रेड	grade
ग्रेडिएंट	gradient
ग्रैविटी	gravity
ग्लोबल	Global
ग्लोब्बिंग	globbing
चाहिए2	चाहिए
चाहिए:	चाहिए
चिकिन्पॉक्स	chickenpox
चिह्न>	चिह्न
चिह्नexclamation	exclamation चिह्न
चुनें:	चुनें
चुनें:static	static चुनें
चेक	check
चेकबॉक्स	checkbox
चैकबॉक्स	checkbox
चैकमार्क	checkmark
चॉक	chalk
छोटाnow	now छोटा
जगहpath	path जगह
जाएं:	जाएं
जुड़नेडेटा	joindata
जून	june
जूबली	Jubilee
जूम	zoom
जूमआउट	zoomout
जूमइन	zoomin
जेंडर	gender
जेंडरgender	gender
जेंडरgenderभी	gender भी
जेनरेटर	generator
जेनी	jenny
जेपीईजी	jpeg
जैंसेbase	जैंसे
जैसे:	जैसे
जैसेa	जैसे
जैसेa>	a> जैसे
जैसेcoefficient	coefficient जैसे
जैसेdue	due जैसे
जैसेeducation	education जैसे
जैसेfamily	family जैसे
जैसेfile	file जैसे
जैसेlines	lines जैसे
जैसेlistening	listening जैसे
जैसेlogical	logial जैसे
जैसेswitch	switch जैसे
जैसे–	जैसे
जोडेंbeginner	begineer जोडें
टर्मिनेटर	terminator
टर्मिनेटरterminator	terminator
टर्मिलन	terminal
टाइटल	title
टाइटल्स	Titles
टाइप	type
टाइपकास्ट	typecast
टाइपकॉस्टिंग	typecasting
टाइपराइटर	typewriter
टाइपिंग	typing
टाइप्ड	typed
टाइप्स	Types
टाइम	Time
टाइम्स	Times
टायटल	title
टारगेट	target
टास्क	task
टास्कस	tasks
टिकट	ticket
टिकिट	ticket
टिकिटों	tickets
टिचर्स	teachers
टिप	tip
टीएक्सटी	txt
टीटीवाई	tty
टीम	team
टीम:	team:
टुटोरिअल	tutorial
टूexport	export टू
टूx	टू
टूयटोरियल्स	tutorials
टूल	tool
टूलबार	toolbar
टूलबार्स	toolbars
टूलबॉक्स	toolbox
टूल्स	Tools
टूस्टेप	twostep
टॅब	tab
टेंपरेचर	temperature
टेक्स	tex
टेक्स्ट	Text
टेक्स्टएडिटर	texteditor
टेक्स्टफिल्ड	textfield
टेक्स्टफिल्ड्स	textfields
टेक्स्टबार	textbar
टेक्स्ट्स	texts
टेब	tab
टेबल	table
टेबलtimes	table times
टेबल्स	Tables
टेम्प	temp
टेम्परेचर	temperature
टेम्पलेट	Template
टेम्पलेट्स	Templates
टेम्प्रेचर	temperature
टेम्प्लेटtemplateटैगtagहै	template टेम्प्लेट टैग
टेलीकॉम	Telecom
टेस्ट	Test
टेस्ट1	Test
टेस्ट2	Test
टैक्स	tax
टैक्सेज़	taxes
टैक्स्ट	text
टैक्स्टbox	text
टैग	Tags
टैगtag	Tags
टैग्स	Tags
टैग्सtags	Tags
टैब	tab
टैब्यूलर	tabular
टैब्स	tabs
टैम्परेचर	temperature
टैम्परेचर40	temperature
टॉक	talk
टॉकटूअ	talktoa
टॉगल	toggle
टॉय	toy
टॉलरेंस	tolerance
टोटल	total
टोपोलॉजी	topology
ट्यूटर	Tutor
ट्यूटोरिटल	tutorial
ट्यूटोरिटल्स	tutorials
ट्यूटोरियम	Tutorium
ट्यूटोरिययल	tutorial
ट्यूटोरियल	tutorial
ट्यूटोरियल:	Tutorial:
ट्यूटोरियलमें	in tutorial
ट्यूटोरियलस	Tutorials
ट्यूटोरियल्स	Tutorials
ट्यूनिंग	tuning
ट्यूब	tube
ट्रांज़ीशन	transition
ट्रांज़ैक्शन	transaction
ट्रांजिशनस्स	transitions
ट्रांसपोज	transpose
ट्रांसपोज़	transpose
ट्रांसफर	transfer
ट्रांसफोर्म	transform
ट्रांस्फर	transfer
ट्राइ	try
ट्राइएंगल	triangle
ट्राइस्क्वायर	trisquare
ट्राईसाइक्लिक	tricyclic
ट्राजिशन	transition
ट्रान्सफर	transfer
ट्रायल	trial
ट्रूtrue	TRUE ट्रू
डबल	double
डबलdouble	double
डबलdoubleउद्धरणचिन्होंquotes	double quotes
डाइएगनल	Diagonal
डाइऐगनल	Diagonal
डाइऐगनली	Diagonally
डाइज	Dies
डाइपर	diaper
डाइमेंशनल	dimensional
डाइमेंशन्स	Dimensions
डाइमेंसन	Dimension
डाइरेक्टरिस	directories
डाइरेक्टरी	directory
डाइलॉग	dialogue
डाइहाइड्रल	dihydral
डाईमिथाइलईथर	dimethylether
डाईरेक्टारी	directory
डाईसल्फाइड	disulfide
डाउन	down
डाउनलोड	download
डाउनलोड़	download
डाउनस्ट्रीम	downstream
डाउन्स	downs
डाऊमेनकीनो	domenkino
डाक	Post
डाकवितरण	mail delivery
डाक्युमेन्ट	document
डाक्युमेन्टdocument	document
डाक्यूमेंट्स	Documents
डाक्यूमेन्ट	document
डाक्यूमेन्टेशन	documentation
डाटा	Data
डाटाटाइप	datatype
डायग्राम	diagram
डायग्राम्स	diagrams
डायनैमिकल	dynamic
डायमंड	Diamond
डायमेंशन	Dimension
डायमेंशनल	dimensional
डायमेंशन्स	Dimensions
डायरेक्ट	direct
डायरेक्टरी	directory
डायरेक्ट्री	directory
डायल	dial
डायल़ॉग	dialogue
डायलाग	dialogue
डायलॉग	dialogue
डायलॉगबॉक्स	dialog boxes
डिएक्टिव	Deactive
डिक्लेयर	declare
डिक्लेरैशन	declaration
डिक्लैरेशन	declaration
डिग्री	degree
डिग्रीज़	degrees
डिज़ाइन	design
डिज़ाइनर	designer
डिज़ाइनर्स	Designers
डिज़ाइन्स	Designs
डिजाइन	Design
डिजाइनर	designer
डिजाइनिंग	designing
डिजाइन्स	Designs
डिजाईन	Design
डिजिट	Digit
डिजिटल	digital
डिजिटाइज	Digitize
डिजिट्स	Digits
डिटर्मिनेंट	Determinant
डिटर्मिनेन्ट	Determinant
डिनोमिनेटर	denominator
डिपार्टमेंट	department
डिपॉज़िट	deposit
डिफरेंशियल	Differential
डिफ़ॉल्ट	Default
डिफाइंड	defined
डिफॉल्ट	default
डिफ्रैग्मेंट	defragment
डिबग	debug
डिबगिंग	debugging
डिराइव्ड	derived
डिरेक्टरी	directory
डिरेक्टरीज़	directories
डिलिमीटर	delimiter
डिलिमीटर्स	delimiters
डिलिवरी	Delivery
डिलीट	delete
डिलीशन	Dilution
डिलीशन्स	Dilutions
डिवलपर	developer
डिवाइज	device
डिवाइड	divide
डिवाइड/	divide/
डिवाइडेड	divided
डिवाइस	Device
डिवाइसेस	devices
डिविजन	division
डिवीजन	Division
डिवीज़न	division
डिसिशन	decision
डिसेबल	disable
डिस्क्रिटाइज़	Discreteize
डिस्क्रिटाइज़्ड	Discretized
डिस्क्रिप्टर	descriptor
डिस्क्रिप्शन्स	Descriptions
डिस्क्रीट	Discrete
डिस्क्रीप्टर	descriptor
डिस्क्रीप्टर1	descriptor
डिस्क्स	discs
डिस्टर्ब	Disturb
डिस्ट्रक्टर्स	Destructors
डिस्प्ले	display
डीdeselect	deselect डी
डीselection	selection डी
डीटेल्स	Details
डीबगिंग	debugging
डीमैट	demat
डीरेफरेंस	dereference
डीरेफरेन्स	dereference
डीरेफ़रेंस्ड	dereferenced
डीलीमीटर्स	delimiters
डीसलेक्ट	Deselect
डीसेलेक्ट	Deselect
डीहाइड्रल	dihydral
डीहाइड्राल	dehydral
डुप्लिकेट	Duplicate
डुप्लीकेट	duplicate
डुबाए	submerge
डुबाया	dipped
डूअल	dual
डेंसिटीaniline	Densityaniline
डेट	date
डेटdate	date
डेटबेस	database
डेटा	data
डेटाटाइप	datatype
डेटाफाइल	data file
डेटाफील्ड	datafield
डेटाबेस	database
डेटाबेसेस	databases
डेटाबैस	database
डेटासेट	dataset
डेटास्ट्रक्टर्स	datastructors
डेबिट	debit
डेमॉन्स्ट्रेशन	Demonstration
डेमो	demo
डेमोज़	demos
डेमोस	demos
डेवलप	develop
डेवलपमेंट	development
डेसिग्नेशन	Designation
डेस्कटॉप	desktop
डेस्टिनैशन	destination
डैंडिग	danding
डैडिंग	dadding
डैम्प्ड	Damped
डैश	dash
डैशेज़	dashes
डैश्ड	dashed
डॉक्टर	Doctor डॉक्टर
डॉक्युमेंट	document डॉक्युमेंट
डॉक्युमेंटेशन	documentation डॉक्युमेंटेशन
डॉक्युमेंट्स	documents डॉक्युमेंट्स
डॉक्युमेट	document डॉक्युमेट
डॉक्युमेन्ट्स	documents डॉक्युमेन्ट्स
डॉक्यूमेंट	document डॉक्यूमेंट
डॉक्यूमेंटेशन	Documentation डॉक्यूमेंटेशन
डॉक्यूमेंट्स	Documents डॉक्यूमेंट्स
डॉयरेक्ट्रिज़	direction डॉयरेक्ट्रिज़
डॉलरचिन्ह	dollar डॉलरचिन्ह
डोक्युमेन्ट्स	documents डोक्युमेन्ट्स
डोट्स	dots
डोनर	donor
डोनेट	donor
डोमेन	domain
डोमैन	domain
ड्यूरेबिलिटी	Durability
ड्रा	draw
ड्राइंग	Drawing
ड्राइविंग	driving
ड्राइव्ड	Driven
ड्राईवर	driver
ड्राप	drop
ड्रापdown	drop
ड्रापडाउन	dropdown
ड्रॉइंग	drawing
ड्रॉप	drop
ड्रॉपडाउन	drop down
ड्रॉपडाउनों	dropdowns
तबfield	तब
थाmethionine	methionine था
थे:	थे
दबाएँdash	dash दबाएँ
दाय़ाँclick	click दाय़ाँ
दायाँclick	click दायाँ
दिखाएगी:	दिखाएगी
दूसरा:	दूसरा
दें:	दें
देंintro	दें
देंpassword	password दें
देंpenalty	penalty दें
देखें	देखें:
देखेंगेquick	quick देखेंगे
देखेंगेsite	site देखेंगे
नंबर	number
नंबरnumber	number
नंबरnumberवेरिएबल	number वेरिएबल
नंबर्सnumbers	numbers
नमस्कार!	नमस्कार
नम्बर	number
नम्बर्स	numbers
नम्बर्सnumbers	numbers
नवम्बर	november
नहीं!	नहीं
नहीं:	नहीं
नामadil	नाम
नामname	नाम
नामname=	नाम
नामांकन:	नामांकन
नि:	नि
नियतcar	नियत
नीचे:	नीचे
नेगेटिव	negative
नेटवर्क	Network
नेत्रहीन	blind
नेम	name
नेमhost	name
नेमname	name
नेमिंग	naming
नेम्स	Names
नेविगेट	navigate
नैचरल	natural
नैप्थलीन	naphthalene
नैप्थेलीन	naphthalene
नॉनइंक्लूसिव	noninclusive
नॉनएन्जनीरिंग	nonengineering
नॉनएप्पल	nonapple
नॉनडायमेंशनल	nondimensional
नॉनपोलर	nonpolar
नॉनफिलिंग	Nonfilling
नॉमिनेशन	Nomination
नॉलेज	Knowledge
नोक	tip
नोट	Note
नोट:	Note
नोटपेडnotepad	notepad
नोटेशन	notation
नोटेशन्स	notations
नोट्स	Notes
नोड	node
नोड्स	nodes
पर:	पर
परctrl	पर
परसेंट	percent
परसेंटेज	percentage
परिचयकर्ता:	परिचयकर्ता
पहला:	पहला
पहलेalias	alias पहले
पहलेdash	dash पहले
पास/sco1	/sco1 पास
पासf	पास
पासवर्ड	password
पासवर्डस	passwords
पासवर्ड्स	passwords
पिक्चर	Picture
पिक्सेल	Pixel
पीएचपीnew	newphp
पीएचपीphp	php
पीएचपीphpऔर	php और
पीएचपीphpकोड	php कोड
पीएचपीphpपर	php पर
पीएचपीphpहाइलाइटिंग	php हाइलाइटिंग
पीएचपीजिस	phpgis
पीपीआईडी	ppid
पीपीटी	ppt
पीरिऑडिक	periodic
पीरियड	period
पुन:	पुन
पेजnew	new पेज
पेरामीटर्स	parameters
पैनकार्ड	pancard
पैनल	panel
पैनलglyceraldehyde	panelglyceraldehyde
पैन्क्रीऐटिक	pancreatic
पैरामीटराइज	parameterize
पैरामीटराइज्ड	parameterized
पैरेनथीसेस	parentheses
पैरेलल	parallel
पैरेललोग्रामparallelogram	parallelogram
पैरों	feet
पैलेट	palette
पैसा	Money
पैसे	Pennies
पैसेज	Passage
पॉइंट	point
पॉइंटर	pointer
पॉइंट्स	Points
पॉइन्ट	point
पॉज़	pause
पॉज़िटिव	positive
पॉजिटिव	positive
पॉजिशन	position
पॉजिशऩ	position
पॉप1990	pop
पॉप2000	pop
पॉपअप	popup
पॉप्यूलेट	populate
पॉलिसी	policy
पॉलीगन	polygon
पॉलीनॉमिअल	polynomial
पॉलीनॉमिअल्स	polynomials
पॉलीनॉमीअल	polynomial
पॉवर	power
पोछे	wipe off
पोछें	wipe off
पोज़ीशन	position
पोजिटिव	positive
पोजिशन	position
पोजीशन	position
पोटैसियम	potassium
पोरफीरिंन	porphyrin
पोर्ट	port
पोर्ट्स	Ports
पोलर	polar
पोलियो	polio
पोल्स	Poles
पोस्ट	Post
पोस्टर	the posters
प्रक्रियाएँsystem	system प्रक्रियाएँ
प्रत्येकobject	object प्रत्येक
प्राइमरी	primary
प्राइमरीprimary	primary
प्रावधान	provision प्रावधान
प्रिंट	print  प्रिंट
प्रिंटिंग	printing प्रिंटिंग
प्रिफरेंसेस	preference प्रिफरेंसेस
प्रिफरेन्सस	preference प्रिफरेन्सस
प्रिफेंसेस	preference प्रिफेंसेस
प्रिव्यू	preview प्रिव्यू
प्रीडिफाइंड	predefined
प्रीमियम	premium
प्रीमियम्स	premiums
प्रीव्यू	Preview
प्रीसेट	presets
प्रूफ	proof
प्रेज़ेंट	present
प्रेज़ेन्टैशन	presentation
प्रेजैटेशन	presentation
प्रेफरन्स	preferences
प्रेफरेन्सेस	preferences
प्रेफ़रेन्सेस	preferences
प्रेरित्र	apostle
प्रेशर	pressure
प्रेस	Press
प्रेसेंट	present
प्रेसेंटेशन	presentation
प्रैक्टिकल	Practical
प्रॉजेक्ट	project
प्रॉजेक्ट्स	projects
प्रॉपर्टीज	properties
प्रॉब्लम	Problem
प्रॉब्लम्स	problems
प्रॉम्प्ट	prompt
प्रोगाम	program
प्रोग्राम	program
प्रोग्रामिंग	programming
प्रोग्राम्स	programs
प्रोग्रेस	progress
प्रोजेक्ट	project
प्रोजेक्टnmeict	projectnmeict
प्रोजेक्टर	projector
प्रोजेक्ट्स	Projects
प्रोजेक्शन	Projection
प्रोटीन	protein
प्रोटॉन	proton
प्रोडक्ट	product
प्रोडक्ट्स	products
प्रोत्साहन	Incentive
प्रोत्साहित	encouraged
प्रोपर्टिज	properties
प्रोपर्टी	property
प्रोपेन	propane
प्रोप्रटीज	properties
प्रोमोटर	Promoter
प्रोम्पट	prompt
प्रोम्प्ट	prompt
प्रोसेस	process
प्रोसेसर	Processor
प्रोसेसिंग	Processing
प्लगइन	plugin
प्लस	plus
प्लस+	plus
प्लसplus	plus
प्लाट	plot
प्लाट्स	Plots
प्ले	Play
प्लेट	plate
प्लेन	Plane
प्लेयर	player
प्लेस	Place
प्लेसहोल्डर	placeholder
प्लेसहोल्डर्स	placeholders
प्लॉट	plot
प्लॉट2d	plot
प्लॉटिंग	plotting
प्लॉटेड	plotted
प्लॉट्स	Plots
प्लोट	plot
प्वांइट	Point
प्वाइंट	Point
प्वाइंटर	Pointer
प्वाइंटिंग	Pointing
प्वाइंट्स	Points
प्वाईंट	Point
प्वॉइंट	Point
प्वॉइंटर	Pointer
प्वॉइंट्स	points
प्वॉइन्ट	point
प्वॉइन्टस	points
प्वॉइन्ट्स	Points
फँस	trapped
फँसा	trapped
फंक्शंस	Functions
फंक्शन	function
फंक्शनecho	function echo
फंक्शनfuction	function
फंक्शनfunction	function
फंक्शनfunctionका	function का
फंक्शनfunctionके	function के
फंक्शनfuntion	function
फंक्शनswap	functionswap
फंक्शन्स	function
फंक्शन्स:	function
फंक्शन्सfunctions	functions
फंक्शन्सfunctionsजैसे	functions जैसे
फंक्शऩ	function
फर्स्ट	First
फर्स्टनेमfirstname	firstname
फर्स्टनेमfirstnameऔर	firstname और
फ़ाइलों	files
फ़ाल्स	falls
फ़िट	fit
फ़िल्ड	field
फ़िल्ड्स	fields
फ़ीडबैक	Feedback
फ़ील्ड	field
फ़ैक्टोरियल	factorial
फ़ॉर्मूला	Formula
फ़ॉर्मेट	format
फ़ॉर्मेटिंग	formatting
फ़ॉर्मैट	format
फ़ोन	phone
फ़ोरम	forum
फ़ोल्डर	folder
फ़ोल्डर्स	folders
फ़्रेम	frame
फाइलनेमstrcmp	strcmp फाइलनेम
फाइलनेमstrcpy	strcpy फाइलनेम
फाइलों	files
फाइल्स	files
फाईल्स	files
फायरफ़ॉक्स	firefox
फारवर्ड	forward
फार्म	form
फार्मेट	format
फार्मेटेड	formatted
फार्मेट्स	formats
फिज़िकल	physical
फिजिकल	physical
फिट	fit
फिटेड	fitted
फिरapply	फिर
फिरn	फिर
फिरobj	फिर
फिल्ड	field
फिल्ड्स	fields
फिल्मों	movies
फीका	faded
फीचर	feature
फीचर्स	Features
फीड	feed
फीडबैक	Feedback
फील्ड	Field
फील्डfield	Field
फील्डनेमfieldname	fieldname
फील्ड्स	Fields
फील्ड्सfields	Fields
फुल	full
फुलनेम	full name
फुलस्टॉप	full stop
फूल	Flower
फूलदार	flowery
फूलों	flowers
फेंक	throw
फेच	fetch
फेज़	phase
फेर	turn
फेरबदल	shuffle
फेल	fail
फेल्ड	Feld
फेस	Face
फेसेस	Faces
फैंसी	fancy
फैक्टर	factor
फैच	fetch
फैन	fan
फैरन्हाइट	Fahrenheit
फैरेड	farad
फॉन्टनेम	fontname
फॉन्टसाइज	fontsize
फॉरवर्ड	forward
फॉर्म	form
फॉर्मformबनाऊँगा	will make the form
फॉर्मformबनाएँगे	will create the form
फॉर्मस	Forms
फॉर्मूले	formulas
फॉर्मेट	format
फॉर्मेटिंग	formatting
फॉर्मेटेड	formatted
फॉर्मेट्स	formats
फॉर्म्स	Forms
फॉल्स	falls
फॉस्फेट	Phosphate
फोंट्स	Fonts
फोकस	focus
फोटो	Photo
फोटोकॉपी	Photo copy
फोम	foam
फोरकास्ट	forecast
फोरम	Forum
फोरम्स	Forums
फोर्मेट	format
फोल्डर	folder
फोल्डरों	folders
फ्रंट	front
फ्रांसिस्को	francisco
फ्राइडे	Friday
फ्री	Free
फ्रीक्वेंसी	Frequency
फ्रूट	fruit
फ्रूट्स	Fruits
फ्रेम	frame
फ्रॉमto	from
फ्लिप	flip
फ्लूइड	Fluid
फ्लैग	flag
फ्लैग्स	Flags
फ्लैट	flat
फ्लॉट	float
फ्लो	flow
फ्लोट	float
फ्लोटिंग	floating
बड़ेx	बड़े
बनाउंगीexplorers	explores बनाउंगी
बनायें:	बनायें
बराबर:	बराबर
बहुlines	बहु
बहुtables	बहु
बाईcyclic	बाई
बाद/user	बाद
बादunpackequal	बाद
बायाँclick	click बायाँ
बायाँmouse	mouse बायाँ
बायेंmouse	mouse बायें
बायोमॉलिक्यूल्स	biomolecules
बिल्टइन	builtin
बीचn5	बीच
बुकिंग	booking
बुट्टन	button
बेसिकbasic	बेसिक
बैंड	band
बैंडविड्थ	bandwidth
बैंडविथ	bandwidth
बैंड्स	bands
बैक	back
बैकअप	backup
बैकअप्स	backups
बैकग्राउंड	background
बैकस्पेस	backspace
बैकस्लेस	backless
बैकस्लैश	backslash
बैचों	batches
बैटरीज़	Batteries
बैनरapplet	applet बैनर
बैन्डविड्थ	bandwidth
बैन्ड्विड्थ	bandwidth
बैश	bash
बॉउंड्रीज़	boundaries
बॉक्स	Box
बॉक्सेस	boxes
बॉडी	Body
बॉन्ड	bond
बॉन्ड्स	bonds
बॉम्बे	Bombay
बॉर्डर	border
बॉल	ball
बोल्डbold	बोल्ड
ब्रश	brush
ब्रशें	brushes
ब्रशों	brushes
ब्रांच	branch
ब्रांचेज़	branches
ब्रांड	brand
ब्रांड्स	Brands
ब्राइट	Bright
ब्राइटनेस	brightness
ब्राउज	Browse
ब्राउजर	browser
ब्राउज़	browse
ब्राउज़र	browser
ब्राउस	Browse
ब्रान्चिंग	branching
ब्रेक	brake
ब्रेकbreak	brake
ब्रेकेट	bracket
ब्रेसेस	braces
ब्रैकेट	bracket
ब्रैकेट्स	brackets
ब्रोमाइड	bromide
ब्रोशर	brochure
ब्लर	blur
ब्लाक	block
ब्लाक्स	blocks
ब्लिंक	blink
ब्लिंगकिंग	blingking
ब्लेड	blade
ब्लैक	black
ब्लॉक	block
ब्लॉकढाँचा	block structure
ब्लॉक्स	blocks
भतीजा/भांजा	भतीजा भांजा
भतीजी/भांजी	भतीजी भांजी
भरेंplace	place भरें
मई	may
मच्छर/कीट	मच्छर कीट
मटीरियल	material
मटीरीअल	material
मतलब:	मतलब
मल्टिडाइमेंशनल	multidimensional
मल्टिथ्रेडेड	multithreaded
मल्टिपल	multiple
मल्टिप्लाइड	multiplexed
मल्टिप्लाई	multiply
मल्टिप्लिकेशन	multiplication
मल्टिफिकेशन	multiification
मल्टिलाइन	multiline
मल्टी	multi
मल्टीकॉलम	multicolumn
मल्टीपल	Multiple
मल्टीप्लाइड	Multiplied
मल्टीप्लाय*	Multiply
मल्टीप्लायर्स	Multipliers
मल्टीप्लिकेशन	multiplication
मल्टीप्लीकेशन	multiplication
मल्टीयूज़र	multiuser
मल्टीवर्ड	multiword
माइक्रोसॉफ़्ट	Microsoft
माइक्रोसॉफ्ट	Microsoft
माइनस	minus
माइनसcapital	minus
माईनस	minus
माउस	mouse
मार्क्सmarksका	marks मार्क्स का
मिक्स्डकेस	mixedcase
मिट	meet
मिथाइल	methyl
मिथाइलबेंज़ीन	methylbenzene
मिथायल	methyl
मिनट	Minute
मिनटों	minutes
मिनिमाइज	minimize
मिनिमाइज़	minimize
मिरर	mirror
मिलेंगे!	मिलेंगे
मिलेगाalex	alex मिलेगा
मिलेगाunknown	unknown मिलेगा
मीटर	meter
मीटिंग	Meeting
मीडियम	medium
मीडिया	Media
मीथेन	methane
मुंबई	mumbai
मुम्बई	mumbai
मूमेंट0245d	d मूमेंट
मूमेंट0396d	d मूमेंट
मॅक्सिमाइज़	magenta
मॅग्निफाइंग	manipulation
में/node/nodeid	/node/nodeid में
में:	में
मेंawkdemo	awkdemo में
मेंb	b में
मेंchaptertwo	chaptertwo में
मेंcolon	colon में
मेंdatadottxtdouble	datadottxtdouble में
मेंhyphen	hyphen में
मेंindian	indian में
मेंl	l में
मेंlist	list में
मेंnew	new में
मेंpathauto	pathauto में
मेंpend	pend में
मेंpendulumdottxt	pendulumdottxt में
मेंpendulumdottxtafter	pendulumdottxtafter में
मेंroles	roles में
मेंsemicolon	semicolon में
मेंtutorial	tutorial में
में…	में
मेगाबाइट	megabyte
मेगाबाइट्स	megabytes
मेगाबाईट	megabyte
मेज़रमेंट	measurement
मेटल	metal
मेट्राइसिस	matrices
मेट्राइसेस	matrices
मेट्रिक्स	metrics
मेथड	method
मेथड़	method
मेथड्स	methods
मेनिप्युलेशन	manipulation
मेनूज़	menus
मेन्यु	menu
मेन्यू	menu
मेन्यूfile	menu
मेन्यूबार	menubar
मेमरी	memory
मेमोरी	memory
मेम्बर	member
मेम्बर्स	members
मेलmail	मेल
मैंfile_get_contents	मैं
मैंगगो	mango
मैंगगोज़	mangos
मैंगनीज़	manganese
मैंनेhyphen	hyphen मैंने
मैक्रोमॉलिक्युल्स	macromolecules मैक्रोमॉलिक्युल्स
मैक्रोमॉलिक्यूल	macromolecules मैक्रोमॉलिक्यूल
मैक्रोमॉलिक्यूल्स	macromolecules मैक्रोमॉलिक्यूल्स
मैगनिफाइ	magnify मैगनिफाइ
मैग्नीट्यूड	magnitude मैग्नीट्यूड
मैग्नीफाइड	magnified मैग्नीफाइड
मैचिंग	matching
मैजंटा	Magenta
मैजूद	exist
मैजूदा	existing
मैटलैब	matlab
मैट्रिक्स	matrix
मैट्रिक्समें	in matrix
मैट्रिस	matrices
मैथड	Method
मैथड़	Mathad
मैथड्स	Methods
मैथड्सtalk	Methods
मैथमेटिकल	mathematical
मैथ्मेटिकल	mathematical
मैदान	Field
मैनिप्युलेशन	Manipulation
मैनिप्यूलेशन	manipulation
मैनुअल	manual
मैनेज	manage
मैनेजर	manager
मैन्युअल	manual
मैन्युअली	manually
मैन्यू	menu
मैन्यूअल	manual
मैप	map
मैपिंग	mapping
मैरे	my
मैश	mash
मैशिंग	mashing
मैसेज	message
मैसेजस	messages
मैस्ड	messed
मॉडल	model
मॉडल:	model
मॉडलिंग	modeling
मॉडल्स	Models
मॉडिफाइंग	modifying
मॉडिफायर्स	modifiers
मॉड्यूल	module
मॉड्यूलस	modulus
मॉड्यूल्स	Modules
मॉनिटर	Monitor
मॉलक्यूलर	molecular
मॉलिक्यूल	molecule
मॉलिक्यूलर	molecular
मॉलिक्यूल्स	molecules
मॉलीक्यूलर	molecular
मॉलेक्युल्स	molecules
यदिmarks	यदि
यह/bin/bash	यह
यह/home/<your	यह
यह/node/add	यह
यह/user/local/sbin/user/bin	यह
यह/user/local/sbin/user/local/bin/user/sbin/user/bin	यह
यह/usr/bin/mysqladmin	यह
यह/usr/bin/mysqld	यह
यहmicrocontroller	यह
यहt	यह
यहाँ/forum	यहाँ
यहाँe	यहाँ
यहाँkoha	यहाँ
या>>	या
याn	या
याsend	या
यानिirctc	यानि
युसर	user
युसर्स	users
यूजरडिफाइंड	userDefined
यूजरनाम	username
यूजरनेम	username
यूजरनैम	username
यूजरप्रयोगकर्ता	user user
यूजर्स	users
यूज़र	user
यूज़रडिफाइंड	user defined
यूज़रनेम	username
यूज़र्स	users
यूटीलिटी	utility
यूटीलीटीज़	utilities
यूट्यूब	youtube
यूनिक	Unique
यूनिट	unit
यूनिट्स	units
यूनिवर्सिटीसेन	universitysen
योग10	योग
यौगिक1	यौगिक
रखें:	रखें
रखेंगेcontent	रखेंगे
रजिस्टर	register
रजिस्टर्ड	registered
रजिस्ट्रेशन	registration
रजिस्ट्रैशन	registratition
रनtime	रन
रनटाइम	runtime
राइटएंगल्ड	rightangled
राइटकोने	rightcone
राइटक्लिक	rightclick
राइटर	writer
राईट	right
राउंड	round
राशि:	राशि
रिकार्ड्स	records
रिकॉर्ड	records
रिकॉल	recall
रिग	rig
रिजन	region
रिजर्वेशन्स	Reservations
रिजल्ट	result
रिजल्ट्स	Results
रिज़ल्ट	Result
रिज्यूम	resume
रिज्यूमे	resume
रिटर्न	Return
रिटर्निंग	returning
रिटर्न्स	Returns
रिट्राइव	retrieve
रिडाइरेक्ट	redirect
रिडाइरेक्टेड	redirected
रिडाइरेक्शन	redirection
रिनेम	rename
रिपीट	repeat
रिपीडेट	repeat
रिपॉज़िटरी	repository
रिपॉज़िटरीज़	repositories
रिपोर्ट	report
रिपोर्टिंग	reporting
रिपोर्ट्स	reports
रिप्रजेंटेशन	representation
रिप्रेजेंटेशन	representation
रिप्रोजेक्ट	reproject
रिप्लेस	replace
रिप्लेसमेंट	replacement
रिफ्रेश	refresh
रिफ्रेशrefresh	refresh
रिफ्रेशrefreshकरता	refresh करता
रिफ्रेशrefreshकरते	refresh करते
रिफ्रेशrefreshकरने	refresh करने
रिफ्रेशrefreshकरें	refresh करें
रिफ्रेशrefreshकिया	refresh किया
रिफ्रेशrefreshपर	refresh पर
रिफ्रेशrefrsehकरेंगे	refresh करेंगे
रिफ्लेक्टेड	reflected
रिबंस	ribbons
रिबन	ribbon
रिबन्स	ribbons
रिमार्क	Remark
रिमोट	remote
रियलाइज़ेशन	realization
रियायती	subsidized
रिलीज	release
रिलेटिव	relative
रिलेशन	relation
रिलेशनल	relational
रिलेशनशिप्स	Relationships
रिलेशलशिप्स	relationship
रिवर्स	reverse
रिविजन	revision
रिवीजन	revision
रिव्यु	review
रिव्यू	review
रिश्ता	Relationship
रिसर्च	Research
रिसाइज	resize
रिसाइज़	resize
रिसेंड	received
रिसेटresetकरने	to reset करने
रिस्टार्ट	restart
रिस्टोर	restore
रीrescaling	री
रीto	री
रीकॉल	recall
रीडओनली	readonly
रीडू	redu
रीढ	spine
रीढ़	spine
रीति	custom
रीनेम	rename
रीसाइज	resize
रीसाइज़	resize
रीसाइजिंग	resizing
रीसेट	reset
रूट्स	roots
रेंज	range
रेंजेस	ranges
रेंडर	render
रेंडरिंग	rendering
रेकॉर्ड	record
रेकॉर्डिंग	recording
रेकॉर्ड्स	Records
रेक्टेंगल	rectangle
रेक्टेंगुलर	rectangular
रेक्टैग्यूलर	rectangular
रेज़िडियु	Residue
रेज़िड्यूस	reside
रेज़ीडियुज़	residency
रेट्रोसिन्थेटिक	retrosyntheic
रेपॉज़िटरी	repository
रेपॉज़िटरीज़	repositories
रेफरेन्सेस	References
रेफेरेंस	reference
रेफ्रिशrefresh	refresh
रेफ्रेन्सेस	references
रेलमार्ग	railroad track
रेलमार्गों	railroads
रेलवे	railway
रेशनल	Rational
रेसिड्यूज़	Residue
रेसीड्यू	Residue
रेसीड्यूज़	Residue
रेस्पॉन्स	response
रेस्पॉन्सेस	response
रेस्पोंस	response
रोrow	रो
रोटेट	rotate
रोटेटिंग	rotating
रोटेटेड	rotated
रोटेशन	rotation
लगायेगाbook	लगायेगा
लम्बाईlengthकी	लम्बाई की
लाइंस	lines
लाइंसेसों	licenses
लाइनline	लाइन
लाइब्रेरी	library
लाइब्रेरीज	libraries
लाइव	live
लाइसेंस	license
लाईब्रेरी	library
लाभ:	लाभ
लायें:	लायें
लिए%	लिए
लिए/arithटाइप	arith लिए/टाइप
लिए/incr	incr लिए
लिए1	लिए
लिए:	लिए
लिएadd	add लिए
लिएbox	box लिए
लिएbrowse	browse लिए
लिएchannel	channel लिए
लिएcontent	content लिए
लिएsnappyhexmesh	snappyhexmesh लिए
लिएstart	start लिए
लिएtitle	title लिए
लिखूँगाreload	reload लिखूँगा
लिखूंगा–	लिखूंगा
लिखें*	लिखें
लिखें:	लिखें
लिखेंthis	लिखें
लिखेंगेcp	cp लिखेंगे
लिनक्स1204	linux
लिनस्पेस	linux
लिपटी	linspace
लिबर	libre
लिबरऑफस	Libreoffs
लिबरऑफिस	LibreOffice
लिबरे	libre
लिमिट	limit
लिमिटlimit	limit
लिमिटlimit1	limit
लिमिट्स	Limits
लिय	Lie
लिया!	लिया
लिसनिंग	listening
लीनियर	linear
लीव_बैलेंस	लीव बैलेंस
लूपloop	loop
लूपloopके	loop के
लूपloopरुक	loop रुक
लूपloopरूक	loop रूक
लूपथ्रू	loop थ्रू
लूपोंloops	लूपों
लूप्सloops	लूप्स
लेकिनftp	ftp लेकिन
लेकिनr	r लेकिन
लेजेंड	legend
लेजेंड्स	legends
लेट	late
लेटर	Letter
लेटर्स	letters
लेटा	lying down
लेटाना	lay down
लेटिट्यूड	Latitude
लेटेक	latex
लेता	takes
लेती	take
लेते	take
लेनदेन	transactions
लेना	to take
लेनी	Lenny
लेबल्स	Labels
लेम	lem
लेयर	layer
लेयरों	layers
लेयर्स	layers
लेवल	level
लेस	lace
लैंग्वेज	Language
लैंडिग	landing
लैन्थ	length
लैपटॉप	laptop
लैपटॉप्स	Laptops
लैब	Lab
लैस	equip
लैसर	laser
लॉंच	launch
लॉक	lock
लॉकर	locker
लॉग	log
लॉगआउट	logout
लॉगइन	login
लॉगरिथ्म	logarithm
लॉगिंग	logging
लॉगिन	login
लॉजिक	logic
लॉजिकल	logical
लॉट	lot
लॉनइन	login
लॉन्च	launch
लोंगिट्यूड	Longitude
लोअर	lower
लोअरकेस	lowercase
लोउर	loure
लोउरेकस	lourecas
लोकप्रिय	Popular
लोकल	Local
लोकेशन	Location
लोकेशनlocation	location
लोकेशनlocationऔर	location
लोग	People
लोगनेम	logname
लोगनेल	lognell
लोगो	Peoples
लोगों	people
लोजिक	logic
लोड	Load
लोडload	Load
लोड़	load
लोडिंग	Loading
लोवरकेस	lowercase
वर्क	work
वर्कपीस	workpiece
वर्कशॉप्स	workshops
वर्जन	version
वर्जन्स	versions
वर्ज़न	version
वर्टिकल	vertical
वर्टीकल	vertical
वर्णात्मक/संख्यात्मक	वर्णात्मक संख्यात्मक
वर्नियर	vernier
वर्शन	version
वर्सेस	versus
वाइटस्पेस	whitespace
वाइल	vile
वाइल्ड	wild
वायर	wire
वायस	vice
वार	war
विंडो	window
विंडोgraphic	window
विंडोज	Windows
विंडोज़	windows
विंडोज़7	windows
विकल्प:	विकल्प
विजिटर्सvisitorsहैं	visitors विजिटर्स हैं
विज्युलाइज़र	visualizer
विडिओ	video
विडियो	video
विडोज़	windows
विड्थ	width
विशेषत:	विशेषत
विशेषताएं:	विशेषताएं
विषयोंsub1	विषयों
वीक	week
वीकडे	weekday
वीडिओ	video
वीडियो	Video
वीडीयो	video
वेबपेज	webpage
वेबपेजेज़	webpages
वेबपेजेस	webpages
वेबसइट	website
वेबसर्वर	Web server
वेबसाइट	Website
वेबसाइट्स	Websites
वेबसाईट	website
वेबसाईटों	Websites
वेरिएबल	variable
वेरिएबलvariable	variable
वेरिएबलvariableके	variable के
वेरिएबलvariableको	variable को
वेरिएबल्स	variables
वेरिएबल्सvariables	variables
वेरीयेबल	variable
वेल्कमwelcome	वेल्कम
वेल्यज	value
वेल्यु	values
वेल्युस	value
वेल्यू	value
वेल्यूvalue	values
वेल्यूज	values
वेव	wave
वेवफॉर्म्स	waveforms
वैक्टर	vectors
वैरिएबल	Variable
वैरिएबलtotal	Variabletotal
वैरिएबल्स	Variables
वैरी	very
वैल्य	value
वैल्युस	value
वैल्यू	value
वैल्यूज	Values
वैल्यूजeigen	Values
वैल्यूज़	Values
वैल्यूस	Values
वै्ल्यू	value
वॉल	wall
वॉल्यूम	Volume
व्यक्तियों/hufs/aop/boi/ajp	/hufs/aop/boi/ajp व्यक्तियों
शीर्षकsection	section शीर्षक
शुरू/	शुरू
शेल1	शेल
शेल2	शेल
संकेत:	संकेत
संकेत:कृपया	संकेत कृपया
संबंधितmoodle	moodle संबंधित
सक्रियsite	सक्रिय
सक्सेस	success
सजेशन	suggestion
सनसनीखेज़	sensational
सपोर्ट	support
सफलतापूर्ण	successful
सफलतापूर्वक	successfully
सफलतापूर्वर	successfully
सबclass	सब
सबजैक्ट	subject
सबडाइरेक्टरी	subdirectory
सबडाइरेक्टरीज	subdirectories
सबप्लॉट	subplot
सबफ़िल्ड	subfield
सबफिल्ड	subfield
सबफॉर्म्स	subforms
सबमिट	submit
सबमेनू	submenu
सबमेन्यु	submenu
सबमेन्यू	submenu
सबमैन्यू	submenu
सबरूटीन	subroutine
सबरूटीन्स	subroutine
सबस्क्राइब	subscribe
सबस्ट्रिंग	substring
सब्ट्रैक्ट	Subtract
सब्ट्रैक्शन	subtraction
सब्ट्रैक्शन:	subtraction
सब्मिट	submit
सब्सक्राइब	subscribe
सब्स्क्राइब	subscribe
सब्स्टिटूशन	Substitution
सब्स्टिट्यूशन	Substitution
सब्स्ट्रैक्ट	Substract
समझेंगे:	समझेंगे
समयurl	समय
समाप्तिpoints	points समाप्ति
समूह:	समूह
सरनेमsurname	surname सरनेम
सर्च	search
सर्चेस	searches
सर्वरlocal	सर्वर
सहायकalign	सहायक
सहायकruler	सहायक
साइज	size
साइज़	size
साइट	site
साइड	side
साइडबाइसाइड	sidebyside
साइड्स	sign
साइन	sign
साइन>	sign
साइनइन	signin
साइनाइड	cyanide
साइलैब	scilab
साईट	site
साईलैब	scilab
साझा	share
साथbook	साथ
साथi	साथ
साधारणत:	साधारणत
सिंक्रनाइज़	synchronized
सिंगल	single
सिंगलsingle	single
सिंगलकोट	singlequote
सिंटेक्स	syntax
सिंटैक्स	syntax
सिंपल	simple
सिंबल	symbol
सिग्नल	Signal
सिग्नल्स	Signals
सिग्मा	sigma
सिज़र्ज़	sizzle
सितारा	Star
सिनेप्टिक	synaptic
सिनैप्टिक	synaptic
सिन्टैक्स	syntax
सिमिट्री	cemetery
सिमुलेट	simulate
सिमुलेशन	simulation
सिम्पल	simple
सिम्बल्स	symbols
सिम्युलेट	simulate
सिम्युलेशन	simulation
सिलेंडर	cyclinder
सिलेक्शन	cilantro
सिवाए	cyclinder
सिस्टम	system
सिस्टम्स	system
सी	see
सीक्वेंस	sequence
सीखा:	सीखा
सीखा:miktex	सीखा
सीखाcomponents	सीखा
सीखाform	सीखा
सीखाfunction	सीखा
सीखाurl	सीखा
सीखाwindows	सीखा
सीखा…	सीखा
सीखेंगेawk	awk सीखेंगे
सीखेंगेcirculation	circulation सीखेंगे
सीखेंगेfunction	function सीखेंगे
सीखेंगेreaction	reaction सीखेंगे
सीखेंगेremote	remote सीखेंगे
सीखेंगेreports	report सीखेंगे
सीखेंगेthemes	themes सीखेंगे
सीज़ेरियन	caesarean
सुझाव:	सुझाव
सूट	suit
से/bin/bash	/bin/bash से
से/home	/home से
से/home/anirban	/home/anirban से
से/home/gnuhata	/home/gnuhata से
से>>	से
सेopen	से
सेंटर	center
सेंसर	sensor
सेंसर्स	Sensors
सेंसिंग	sensing
सेंसिटिव	sensitive
सेकंड	seconds
सेकंड्स	seconds
सेकण्ड	second
सेकण्ड्स	seconds
सेकन्डरीsecondary	secoundary
सेकेंड	second
सेकेंड्स	seconds
सेकेण्ड्स	seconds
सेकैंड	second
सेक्टर	Sector
सेक्टरों	Sectors
सेक्शन	Section
सेक्शन्स	Sections
सेक्सन	Saxon
सेगमेंट	segment
सेट	set
सेटअप	Set-up
सेटउप	setup
सेटपॉइंट	setpoint
सेटिंग	Settings
सेटिंग्स	Settings
सेटेलाइट	satellite
सेटों	sets
सेन्टरिंग	centering
सेन्सिटिव	sensitive
सेपरेटर	separator
सेफ	safe
सेब	Apple
सेमाकॉलन	semicolon
सेमी	cm
सेमीकॉलन	semicolon
सेमीकॉलन्स	semicolons
सेमीकोलन	semicolon
सेम्पल	sample
सेम्युलेट	simulated
सेल	Cell
सेलडिज़ाइनर	celldesigner
सेलेक्ट	select
सेलों	cells
सेल्स	sales
सेल्सियस	Celsius
सेव	save
सेवा	Service
सेवाएं	Services
सेवाओं	services
सेविंग्स	Savings
सेशननेम	sessionname
सेशन्स	sessions
सैंपल	sample
सैंपलिंग	sampling
सैंपल्स	samples
सैकंड	second
सैकराइड्स	saccharides
सैम्पल	sample
सैम्पलिंग	sampling
सैलरी	salary
सॉकेट	socket
सॉफ़्टवेयर	software
सॉफ्टवेअर	software
सॉफ्टवेयर	Software
सॉफ्टवेयरjmol	Software
सॉफ्टवेयर्स	softwares
सॉफ्टवेर	software
सॉफ्टेवेयर	software
स्किप्ट	script
स्किल	skill
स्किल्स	skills
स्कीप	skip
स्कीम	scheme
स्कीम्स	Schemes
स्कूल	School
स्केल	scale
स्केलर	scalar
स्केलिंग	scaling
स्कैटर	scatter
स्कैन	scan
स्कॉल	school
स्कोप	scope
स्क्रिप	scrip
स्क्रिप्ट	script
स्क्रीन	Screen
स्क्रोल	scroll
स्क्वायर	square
स्क्वायरनेस	squareness
स्क्वेर	square
स्क्वेरकिलोमीटर	square kilometer
स्क्वैर	square
स्क्वैरिंग	squaring
स्क्वैश	squash
स्टब्स	stubs
स्टाइनॉर्ट	steinort
स्टाइपेंड	stipend
स्टाइल	style
स्टाइलिंग	Styling
स्टाइलिस	stylis
स्टाइल्स	styles
स्टार	star
स्टार्ट	start
स्टिंग	sting
स्टिकी	sticky
स्टिक्स	sticks
स्टीरियो	Stereo
स्टीरियोआइसोमेरिस्म	stereoisomerism
स्टुडेंट	student
स्टूडेंट्स	students
स्टेट	state
स्टेटमेंट	statement
स्टेटमेंटcin	statementcin
स्टेटमेंटstatement	statement
स्टेटमेंटstatementका	statement  का
स्टेटमेंट्स	Statements
स्टेटस	Status
स्टेटसबार	status bar
स्टेटस्पेस	statespace
स्टेट्मेन्ट	statement
स्टेट्स	States
स्टेप	step
स्टेपल	staple
स्टेप्स	steps
स्टेबल	stable
स्टेम	stem
स्टेशन	station
स्टैंडर्ड	Standard
स्टैंडर्डएर्रर	StandardError
स्टैंडर्डाइज्ड	standardized
स्टैक	stack
स्टैचू	statue
स्टैटिक	static
स्टैण्डर्ड	standard
स्टैन्डर्ड	Standard
स्टैन्डर्डइन	standardin
स्टैन्डर्डएन	standardn
स्टैशिंग	stashing
स्टोर	Store
स्टोरेज	storage
स्ट्रक्चर	Structure
स्ट्रक्चर्स	Structures
स्ट्रक्टर्स	structers
स्ट्रिंग	string
स्ट्रिंगvariable	stringvariable
स्ट्रिंग्स	strings
स्ट्रिप	strip
स्ट्रिप्ड	stripped
स्ट्रींग	string
स्ट्रीम	stream
स्ट्रेट	straight
स्ट्रैन्डेड	Stranded
स्थितstart	start स्थित
स्थितियां	situation
स्थितियों	situations
स्पिन	spin
स्पिशीज़	Species
स्पीड	Speed
स्पीशीज़	species
स्पेक्ट्रम	spectrum
स्पेनर	spanner
स्पेलिंग	spelling
स्पेशल	Special
स्पेस	space
स्पेस15	space15
स्पेस19	space19
स्पेस2	space2
स्पेस4	space
स्पेसexam	spaceexam
स्पेसिंग	Spacing
स्पेसेस	Spaces
स्पोकन	spoken
स्पोकेन	Spokane
स्प्रेडशीट	spreadsheet
स्प्रैडशीट	spreadsheet
स्प्रैडशीट्स	spreadsheets
स्प्लीटर	splitter
स्मॉल	small
स्रोत	Source
स्रोतों	sources
स्लाइड	Slide
स्लाइडर	slider
स्लाइड्स	slides
स्लेट	slate
स्लेश	slash
स्लैश	slash
स्लैश:	slash
स्लैशस्क्वायर	slashsquare
स्लैशेस	slashes
स्लॉट	slot
स्लॉट्स	slots
स्लोट	slot
स्वीकृतaccess	access स्वीकृत
हम/bin	हम
हम/home/gnuhata	home/gnuhata हम
हम/home/gnuhata/documents	home/gnuhata/documents हम
हम/home/gnuhata/music	home/gnuhata/music हम
हम/usr	usr हम
हम64bit	64bit हम
हमa	हम
हमi	हम
हमr	हम
हमनेfilezilla	हमने
हमें/home	हमें
हमें/home/gnuhata	हमें
हमें/usr	हमें
हमें>	हमें
हमेशा/bin/sh	/bin/sh हमेशा
हाँ!	हाँ
हाइड्रोक्साइड	hydroxide
हाइड्रोजन	hydrogen
हाइपरलिंक	hyperlink
हाइफन	hyphen
हाइरार्की	hierarchy
हाइलाइट	Highlight
हाइलाइटिंग	highlighting
हाई	Hi
हाईट	height
हाईफंस	hyphens
हाईफन	hyphen
हाईलाइट	Highlight
हाईस्कूल	High School
हाथ	Hand
हाथों	hands
हानि	Loss
हानिकारक	Harmful
हानियों	losses
हाफ	half
हायरार्की	hierarchy
हार्ड	hard
हार्डकॉपी	hard copy
हार्डडिस्क	hard disk
हार्डवेयर	hardware
ही/home/anirban/arc/में	home/anirban/arc/ ही में
हुएribbon	ribbon हुए
हूँ163°	हूँ163
हूँ8876543210	हूँ88876543210
हूँ:	हूँ
हूँgreat	great हूँ
हूँi	i हूँ
हूँoperating	operating हूँ
हूँsignup	signup हूँ
हूँubuntu	ubuntu हूँ
हूँvisitorsnew	visitorsnew हूँ
हूं:	हूं
हेडर	Header
हेडरheader	Header
हेडरheaderके	Header के
हेडरheaderफंक्शनfuntion	Header function फंक्शन
हेडरheaderफाइल	Header फाइल
हेडर्स	headers
हेलोज़	hello
हेल्प	help
है!	है
है/bin/bash	/bin/bash है
है/usr/bin/mysqladmin	/usr/bin/mysqladmin है
है6300	है 6300
है:	है
है:constructor	constructor है
है:you	you है
हैadaptive	adaptive है
हैaudio	audio है
हैctrl	ctrl है
हैdebian	debian है
हैdefault	default है
हैdescription	description है
हैelectricity	electricity है
हैfile	file है
हैfont	font है
हैirctc	irctc है
हैname	name है
हैoriginal	original है
हैr	r है
हैrotamer	rotamer है
हैspoken	spoken है
हैsquares	squares है
हैthe	the है
हैthis	this है
हैtitle	title है
हैupload	upload है
हैwindows	windows है
हैx	x है
हैं*	हैं
हैं/home/anirban/demo2	/home/anirban/demo2 हैं
हैं:	हैं
हैंa	a हैं
हैंarrange	arrange हैं
हैंblock	block हैं
हैंbook	book हैं
हैंborders	borders हैं
हैंcolumns	columns हैं
हैंcopy	copy हैं
हैंfield	field हैं
हैंfile	file हैं
हैंformat	format हैं
हैंgeometry	geometry हैं
हैंhome	home हैं
हैंlibrary	library हैं
हैंline	line हैं
हैंmoodle	moodle हैं
हैंnew	new हैं
हैंno	no हैं
हैंpassword	password हैं
हैंplace	place हैं
हैंrebecca	rebecca हैं
हैंregister	register हैं
हैंregistered	registered हैं
हैंselect	select हैं
हैंsingle	single हैं
हैंsnap	snap हैं
हैंsorting	sorting हैं
हैंstatic	static हैं
हैंsure	sure हैं
हैंthis	this हैं
हैंtop	top हैं
हैंversion	version हैं
हैंzoom	zoom हैं
हैंडलिंग	Handling
हैंडलिंग:	Handling
हैंडल्स	Handles
हैंडसेट्स	Handsets
हैंडिंग	Handing
हैंडेड	Handed
हैंपेज	hampage
हैं–	हैं
हैआई	hiit
हैआईआईटी	iitbombay
हैक्सॉ	hacksaw
हैचिंग	hatching
हैच्ड	hatched
हैजिसके	Whose
हैडर	header
हैडर्स	headers
हैडिंग	heading
हैडिंग्स	headings
हैडिलीट	hadlite
हैण्डआउट	handout
हैण्डआउट्स	handouts
हैन्डाउट	handout
हैपेज	happage
हैलिबरे	halibre
हैल्प	help
हैवेब	haveweb
हैवेल्यू	havevalue
हैश	hash
हैशचिन्ह	hashsign
हैशेस	hashes
है–	है
हॉटमेल	hotmail
हॉरिज़ोंटली	horizontally
हॉस्ट	host
हो!	हो
हो:	हो
होंगे:	होंगे
होगी:	होगी
होस्टlocal	होस्ट
1	1 १
12345678910	12345678910 १२३४५६७८९१०
150	150 १५०
2	2 २
2070	2070 २०७०
–अगले	– अगले
–आपके	– आपके
–टू	– टू
–फाइल	file फाइल
•	• •
›	› ›
⅓	⅓ ⅓
→	→ →
−	− −
-2	-2 −